shipment_id,order_id,shipped_date
1,2635,2024-01-11
2,2128,2024-01-09
3,875,2024-01-15
4,706,2024-01-20
5,180,2024-01-28
6,843,2024-01-21
7,1750,2024-01-31
8,187,2024-01-31
9,320,2024-02-08
10,3449,2024-02-05
11,2565,2024-02-12
12,3116,2024-02-19
13,1313,2024-02-26
14,2443,2024-02-22
15,713,2024-02-23
16,1226,2024-02-26
17,619,2024-02-27
18,71,2024-02-26
19,681,2024-02-27
20,2199,2024-03-04
21,594,2024-03-03
22,1980,2024-03-04
23,250,2024-03-01
24,1218,2024-03-08
25,3195,2024-03-04
26,995,2024-03-06
27,1778,2024-03-06
28,3709,2024-03-08
29,583,2024-03-11
30,1496,2024-03-13
31,1096,2024-03-14
32,3831,2024-03-17
33,794,2024-03-19
34,49,2024-03-17
35,189,2024-03-14
36,1772,2024-03-16
37,2920,2024-03-17
38,1889,2024-03-21
39,2033,2024-03-16
40,3963,2024-03-24
41,1106,2024-03-21
42,742,2024-03-29
43,991,2024-03-30
44,490,2024-03-26
45,2536,2024-04-01
46,1601,2024-03-30
47,2580,2024-03-31
48,1134,2024-04-05
49,2935,2024-03-30
50,1954,2024-04-03
51,23,2024-04-09
52,1263,2024-04-03
53,2423,2024-04-07
54,3781,2024-04-05
55,876,2024-04-08
56,2513,2024-04-08
57,3642,2024-04-09
58,212,2024-04-05
59,593,2024-04-07
60,2755,2024-04-11
61,3926,2024-04-12
62,3523,2024-04-14
63,2510,2024-04-08
64,2735,2024-04-13
65,3252,2024-04-12
66,760,2024-04-20
67,1573,2024-04-23
68,1843,2024-04-18
69,3902,2024-04-21
70,835,2024-04-25
71,1294,2024-04-25
72,1967,2024-04-18
73,2732,2024-04-23
74,878,2024-04-19
75,655,2024-04-20
76,1323,2024-04-23
77,3599,2024-04-28
78,1677,2024-04-28
79,3725,2024-04-26
80,908,2024-04-26
81,3966,2024-04-28
82,1265,2024-04-25
83,2637,2024-04-28
84,3749,2024-05-03
85,978,2024-04-26
86,1042,2024-04-30
87,2458,2024-04-30
88,3324,2024-05-04
89,2444,2024-05-03
90,1342,2024-05-01
91,1415,2024-05-02
92,1435,2024-05-06
93,1798,2024-05-10
94,1346,2024-05-04
95,1528,2024-05-12
96,3291,2024-05-10
97,1743,2024-05-10
98,2060,2024-05-10
99,64,2024-05-07
100,284,2024-05-06
101,2477,2024-05-14
102,2665,2024-05-12
103,3102,2024-05-07
104,1073,2024-05-14
105,2330,2024-05-07
106,2495,2024-05-14
107,3745,2024-05-15
108,339,2024-05-12
109,627,2024-05-12
110,3590,2024-05-11
111,852,2024-05-14
112,1247,2024-05-13
113,2607,2024-05-15
114,146,2024-05-12
115,739,2024-05-14
116,958,2024-05-19
117,2695,2024-05-17
118,2780,2024-05-16
119,3134,2024-05-14
120,391,2024-05-18
121,1161,2024-05-15
122,1940,2024-05-17
123,3528,2024-05-23
124,1424,2024-05-24
125,2881,2024-05-26
126,3708,2024-05-24
127,2908,2024-05-25
128,3000,2024-05-25
129,1441,2024-05-29
130,589,2024-05-27
131,2396,2024-05-31
132,2970,2024-05-29
133,3457,2024-05-27
134,657,2024-05-27
135,2917,2024-06-02
136,3690,2024-05-26
137,2380,2024-05-26
138,3827,2024-06-02
139,3849,2024-05-26
140,1582,2024-06-01
141,3961,2024-06-02
142,1275,2024-05-28
143,1867,2024-06-03
144,3465,2024-06-03
145,2765,2024-06-06
146,3498,2024-06-02
147,1340,2024-06-08
148,1376,2024-06-04
149,2736,2024-06-04
150,353,2024-06-04
151,2354,2024-06-10
152,2768,2024-06-04
153,2982,2024-06-04
154,2248,2024-06-11
155,2258,2024-06-11
156,2574,2024-06-06
157,2809,2024-06-11
158,237,2024-06-07
159,515,2024-06-11
160,1718,2024-06-09
161,1792,2024-06-09
162,3333,2024-06-15
163,3753,2024-06-14
164,524,2024-06-16
165,3934,2024-06-10
166,1000,2024-06-13
167,3804,2024-06-15
168,344,2024-06-16
169,899,2024-06-17
170,2506,2024-06-18
171,474,2024-06-20
172,3550,2024-06-15
173,1981,2024-06-24
174,1124,2024-06-18
175,1354,2024-06-21
176,2087,2024-06-20
177,922,2024-06-21
178,1550,2024-06-24
179,1853,2024-06-25
180,2623,2024-06-23
181,2630,2024-06-25
182,3958,2024-06-23
183,429,2024-06-24
184,553,2024-06-23
185,738,2024-06-25
186,777,2024-06-19
187,1062,2024-06-25
188,3723,2024-06-28
189,3211,2024-06-24
190,2638,2024-06-26
191,306,2024-06-25
192,3606,2024-06-29
193,1825,2024-06-24
194,437,2024-06-30
195,296,2024-06-29
196,1735,2024-06-30
197,3448,2024-07-05
198,831,2024-07-06
199,1680,2024-06-30
200,3647,2024-07-02
201,3840,2024-07-04
202,3884,2024-07-04
203,358,2024-07-06
204,1129,2024-06-30
205,1433,2024-07-08
206,1662,2024-07-01
207,2866,2024-07-08
208,3180,2024-07-07
209,1806,2024-07-06
210,2670,2024-07-09
211,81,2024-07-11
212,846,2024-07-03
213,1208,2024-07-07
214,2116,2024-07-04
215,2876,2024-07-07
216,1896,2024-07-04
217,1856,2024-07-08
218,3910,2024-07-11
219,1783,2024-07-09
220,2351,2024-07-10
221,1033,2024-07-15
222,2501,2024-07-14
223,2559,2024-07-11
224,3998,2024-07-12
225,850,2024-07-09
226,3783,2024-07-10
227,3820,2024-07-14
228,3923,2024-07-09
229,667,2024-07-14
230,841,2024-07-18
231,1173,2024-07-12
232,1901,2024-07-14
233,2280,2024-07-14
234,209,2024-07-17
235,1059,2024-07-14
236,1242,2024-07-21
237,2699,2024-07-21
238,3183,2024-07-20
239,3485,2024-07-18
240,3946,2024-07-19
241,100,2024-07-19
242,336,2024-07-21
243,3146,2024-07-22
244,2691,2024-07-24
245,3341,2024-07-24
246,3600,2024-07-26
247,2535,2024-07-20
248,1925,2024-07-21
249,2169,2024-07-29
250,3927,2024-07-24
251,1375,2024-07-28
252,2411,2024-07-29
253,2467,2024-07-29
254,2769,2024-07-31
255,2770,2024-07-30
256,2939,2024-07-25
257,3730,2024-07-26
258,888,2024-07-24
259,768,2024-07-31
260,799,2024-07-28
261,1586,2024-07-31
262,1969,2024-07-30
263,2030,2024-08-02
264,2791,2024-08-03
265,1692,2024-07-31
266,1794,2024-08-04
267,2403,2024-07-29
268,145,2024-08-03
269,624,2024-07-30
270,1933,2024-07-29
271,2383,2024-08-03
272,2533,2024-07-31
273,2972,2024-08-02
274,3184,2024-08-05
275,217,2024-08-07
276,2318,2024-08-07
277,2402,2024-08-07
278,3069,2024-08-06
279,3509,2024-08-07
280,258,2024-08-06
281,1514,2024-08-04
282,1865,2024-08-03
283,67,2024-08-04
284,356,2024-08-06
285,1722,2024-08-08
286,222,2024-08-10
287,245,2024-08-06
288,598,2024-08-10
289,1610,2024-08-04
290,289,2024-08-11
291,697,2024-08-12
292,928,2024-08-10
293,470,2024-08-11
294,1520,2024-08-13
295,2070,2024-08-07
296,2148,2024-08-08
297,2620,2024-08-06
298,3360,2024-08-10
299,2432,2024-08-12
300,3913,2024-08-11
301,809,2024-08-08
302,1188,2024-08-10
303,1497,2024-08-16
304,1580,2024-08-12
305,2312,2024-08-12
306,271,2024-08-12
307,1946,2024-08-17
308,3467,2024-08-17
309,281,2024-08-12
310,570,2024-08-16
311,1982,2024-08-17
312,2532,2024-08-16
313,3296,2024-08-14
314,256,2024-08-12
315,672,2024-08-14
316,2364,2024-08-17
317,2455,2024-08-17
318,2895,2024-08-18
319,3975,2024-08-15
320,880,2024-08-21
321,1534,2024-08-22
322,2890,2024-08-20
323,2666,2024-08-23
324,861,2024-08-22
325,1436,2024-08-16
326,2636,2024-08-24
327,3572,2024-08-23
328,382,2024-08-25
329,678,2024-08-23
330,1445,2024-08-20
331,1691,2024-08-18
332,2150,2024-08-21
333,756,2024-08-19
334,1385,2024-08-26
335,1388,2024-08-21
336,2155,2024-08-23
337,178,2024-08-19
338,2434,2024-08-23
339,2646,2024-08-19
340,743,2024-08-24
341,1936,2024-08-24
342,2468,2024-08-24
343,2687,2024-08-27
344,127,2024-08-25
345,313,2024-08-23
346,3049,2024-08-28
347,505,2024-08-22
348,2099,2024-08-29
349,2294,2024-08-24
350,2941,2024-08-27
351,776,2024-08-27
352,1177,2024-08-27
353,2486,2024-08-28
354,3201,2024-08-25
355,484,2024-08-31
356,1235,2024-09-01
357,2433,2024-08-30
358,1401,2024-08-26
359,3010,2024-08-25
360,107,2024-08-31
361,2777,2024-08-30
362,41,2024-09-03
363,517,2024-08-29
364,714,2024-09-04
365,520,2024-09-04
366,1800,2024-09-01
367,1950,2024-08-28
368,2673,2024-09-04
369,3019,2024-09-02
370,457,2024-08-30
371,668,2024-09-01
372,1087,2024-08-30
373,1897,2024-09-02
374,2899,2024-09-04
375,1289,2024-08-30
376,2018,2024-09-02
377,2207,2024-09-06
378,3937,2024-09-07
379,2225,2024-09-02
380,2524,2024-09-08
381,2595,2024-08-31
382,1274,2024-09-04
383,3508,2024-09-06
384,912,2024-09-08
385,1479,2024-09-10
386,2859,2024-09-03
387,3740,2024-09-02
388,149,2024-09-11
389,653,2024-09-08
390,3357,2024-09-11
391,1207,2024-09-11
392,1593,2024-09-11
393,2763,2024-09-11
394,3500,2024-09-04
395,3983,2024-09-11
396,574,2024-09-10
397,113,2024-09-06
398,458,2024-09-07
399,720,2024-09-09
400,1396,2024-09-09
401,2711,2024-09-08
402,3054,2024-09-11
403,1306,2024-09-13
404,1319,2024-09-14
405,3772,2024-09-14
406,1521,2024-09-12
407,2245,2024-09-14
408,3351,2024-09-11
409,1523,2024-09-10
410,1874,2024-09-16
411,2203,2024-09-16
412,2825,2024-09-10
413,560,2024-09-18
414,2110,2024-09-16
415,2527,2024-09-12
416,518,2024-09-17
417,1640,2024-09-17
418,276,2024-09-19
419,1311,2024-09-20
420,2916,2024-09-18
421,1412,2024-09-14
422,1482,2024-09-19
423,1495,2024-09-16
424,1710,2024-09-16
425,2043,2024-09-21
426,2720,2024-09-19
427,1651,2024-09-17
428,1769,2024-09-22
429,2082,2024-09-15
430,3348,2024-09-17
431,1344,2024-09-15
432,1771,2024-09-18
433,3892,2024-09-17
434,365,2024-09-23
435,1132,2024-09-19
436,2072,2024-09-22
437,2622,2024-09-26
438,2761,2024-09-24
439,2806,2024-09-22
440,3836,2024-09-18
441,614,2024-09-23
442,1372,2024-09-25
443,2055,2024-09-25
444,2136,2024-09-24
445,3034,2024-09-23
446,3155,2024-09-26
447,3282,2024-09-26
448,446,2024-09-20
449,2719,2024-09-25
450,1907,2024-09-24
451,3023,2024-09-27
452,941,2024-09-26
453,1577,2024-09-26
454,2886,2024-09-25
455,3106,2024-09-26
456,210,2024-09-28
457,483,2024-09-27
458,1067,2024-09-24
459,1133,2024-09-25
460,2219,2024-09-24
461,2285,2024-09-30
462,2849,2024-09-29
463,2993,2024-09-25
464,3828,2024-09-24
465,134,2024-10-03
466,621,2024-09-25
467,632,2024-09-26
468,836,2024-09-27
469,1007,2024-10-03
470,85,2024-09-29
471,162,2024-09-30
472,977,2024-10-04
473,1606,2024-09-28
474,264,2024-10-05
475,1248,2024-09-27
476,1473,2024-09-27
477,1507,2024-09-29
478,3939,2024-09-27
479,463,2024-10-03
480,1211,2024-10-01
481,1362,2024-10-04
482,2603,2024-10-03
483,2846,2024-09-28
484,3264,2024-10-02
485,881,2024-10-04
486,3042,2024-10-05
487,98,2024-10-08
488,1333,2024-10-06
489,1888,2024-10-06
490,200,2024-10-01
491,1688,2024-10-01
492,604,2024-10-03
493,1213,2024-10-04
494,2134,2024-10-05
495,2466,2024-10-05
496,3464,2024-10-03
497,3548,2024-10-07
498,3686,2024-10-04
499,608,2024-10-07
500,1707,2024-10-03
501,2286,2024-10-07
502,2373,2024-10-04
503,3511,2024-10-08
504,3637,2024-10-10
505,3953,2024-10-08
506,1070,2024-10-12
507,1334,2024-10-08
508,2140,2024-10-06
509,3313,2024-10-11
510,3344,2024-10-10
511,1733,2024-10-13
512,2078,2024-10-11
513,3070,2024-10-06
514,3904,2024-10-07
515,1382,2024-10-13
516,3142,2024-10-13
517,3400,2024-10-09
518,3408,2024-10-09
519,2642,2024-10-10
520,2946,2024-10-10
521,3670,2024-10-12
522,310,2024-10-14
523,1290,2024-10-12
524,2009,2024-10-10
525,2010,2024-10-08
526,2596,2024-10-09
527,2649,2024-10-16
528,3150,2024-10-12
529,372,2024-10-13
530,997,2024-10-14
531,1091,2024-10-16
532,414,2024-10-16
533,752,2024-10-16
534,2332,2024-10-11
535,2302,2024-10-17
536,2414,2024-10-13
537,3253,2024-10-16
538,3564,2024-10-11
539,3641,2024-10-17
540,806,2024-10-16
541,950,2024-10-13
542,2363,2024-10-12
543,3095,2024-10-15
544,3337,2024-10-13
545,3349,2024-10-20
546,3888,2024-10-16
547,1705,2024-10-14
548,2085,2024-10-20
549,2971,2024-10-16
550,345,2024-10-16
551,1105,2024-10-20
552,1364,2024-10-19
553,1575,2024-10-16
554,1650,2024-10-17
555,2291,2024-10-18
556,265,2024-10-21
557,1028,2024-10-20
558,2208,2024-10-20
559,600,2024-10-20
560,1634,2024-10-22
561,3161,2024-10-17
562,3491,2024-10-18
563,234,2024-10-17
564,1702,2024-10-20
565,820,2024-10-26
566,1236,2024-10-22
567,3295,2024-10-24
568,3335,2024-10-25
569,3644,2024-10-20
570,569,2024-10-25
571,1232,2024-10-23
572,2454,2024-10-23
573,3699,2024-10-19
574,695,2024-10-21
575,2366,2024-10-28
576,1170,2024-10-23
577,3823,2024-10-29
578,2002,2024-10-23
579,2598,2024-10-26
580,2746,2024-10-25
581,3013,2024-10-27
582,3196,2024-10-25
583,3270,2024-10-27
584,3568,2024-10-26
585,226,2024-10-25
586,3763,2024-10-28
587,3980,2024-10-29
588,658,2024-10-27
589,2923,2024-11-02
590,3021,2024-10-31
591,582,2024-10-26
592,825,2024-11-02
593,867,2024-11-03
594,1647,2024-10-27
595,2492,2024-10-29
596,2568,2024-11-03
597,2576,2024-10-30
598,2804,2024-11-02
599,147,2024-11-01
600,160,2024-10-28
601,79,2024-10-31
602,348,2024-11-02
603,2571,2024-10-29
604,3634,2024-11-05
605,1249,2024-11-03
606,1300,2024-10-31
607,1904,2024-11-07
608,3117,2024-11-04
609,364,2024-10-31
610,3286,2024-11-05
611,120,2024-11-09
612,1212,2024-11-03
613,1485,2024-11-06
614,1638,2024-11-02
615,1782,2024-11-07
616,2180,2024-11-07
617,301,2024-11-07
618,1086,2024-11-09
619,309,2024-11-09
620,395,2024-11-05
621,670,2024-11-06
622,961,2024-11-04
623,2428,2024-11-10
624,2957,2024-11-04
625,238,2024-11-11
626,1174,2024-11-06
627,2960,2024-11-06
628,3039,2024-11-10
629,3065,2024-11-12
630,3930,2024-11-08
631,55,2024-11-13
632,94,2024-11-08
633,1400,2024-11-11
634,1540,2024-11-09
635,2377,2024-11-06
636,423,2024-11-10
637,2661,2024-11-08
638,3459,2024-11-12
639,322,2024-11-16
640,803,2024-11-12
641,814,2024-11-14
642,2227,2024-11-12
643,2276,2024-11-11
644,2988,2024-11-12
645,3258,2024-11-12
646,480,2024-11-11
647,1551,2024-11-17
648,1709,2024-11-09
649,2344,2024-11-14
650,3175,2024-11-13
651,3442,2024-11-09
652,3501,2024-11-09
653,3,2024-11-12
654,746,2024-11-13
655,773,2024-11-11
656,951,2024-11-15
657,1381,2024-11-10
658,2230,2024-11-17
659,3078,2024-11-18
660,3444,2024-11-17
661,3614,2024-11-13
662,3411,2024-11-11
663,3826,2024-11-16
664,140,2024-11-15
665,744,2024-11-12
666,1036,2024-11-12
667,1581,2024-11-15
668,2547,2024-11-16
669,3007,2024-11-15
670,73,2024-11-15
671,385,2024-11-15
672,1104,2024-11-19
673,1287,2024-11-15
674,2537,2024-11-13
675,2931,2024-11-18
676,3480,2024-11-18
677,796,2024-11-19
678,1194,2024-11-19
679,1527,2024-11-20
680,2200,2024-11-16
681,2554,2024-11-22
682,3257,2024-11-18
683,3874,2024-11-21
684,907,2024-11-20
685,971,2024-11-21
686,1877,2024-11-20
687,2175,2024-11-22
688,2249,2024-11-23
689,2592,2024-11-18
690,3395,2024-11-18
691,3864,2024-11-18
692,1470,2024-11-20
693,3203,2024-11-19
694,581,2024-11-18
695,1690,2024-11-17
696,2142,2024-11-22
697,2447,2024-11-18
698,2980,2024-11-25
699,1325,2024-11-26
700,1357,2024-11-26
701,1838,2024-11-23
702,3978,2024-11-25
703,142,2024-11-27
704,1996,2024-11-26
705,2348,2024-11-27
706,2675,2024-11-21
707,2787,2024-11-27
708,2847,2024-11-19
709,3437,2024-11-24
710,1842,2024-11-27
711,3824,2024-11-22
712,277,2024-11-29
713,280,2024-11-24
714,2485,2024-11-28
715,392,2024-11-30
716,3267,2024-11-25
717,3949,2024-11-22
718,290,2024-11-24
719,544,2024-12-01
720,2221,2024-12-01
721,246,2024-11-30
722,308,2024-11-29
723,1021,2024-12-02
724,1911,2024-11-28
725,1987,2024-11-30
726,851,2024-11-25
727,1419,2024-12-02
728,2289,2024-11-29
729,3170,2024-11-30
730,1190,2024-12-02
731,1556,2024-11-28
732,2321,2024-12-01
733,2679,2024-12-02
734,2697,2024-12-03
735,3677,2024-11-26
736,254,2024-11-30
737,1046,2024-11-29
738,400,2024-12-05
739,640,2024-11-29
740,2563,2024-12-06
741,3868,2024-12-06
742,1862,2024-12-06
743,2253,2024-12-04
744,1009,2024-12-08
745,1032,2024-12-07
746,2852,2024-12-05
747,2910,2024-11-30
748,3540,2024-12-08
749,328,2024-12-01
750,1498,2024-12-03
751,1636,2024-12-01
752,2097,2024-12-08
753,1103,2024-12-07
754,1762,2024-12-04
755,2325,2024-12-02
756,2655,2024-12-06
757,1461,2024-12-09
758,1701,2024-12-03
759,2436,2024-12-10
760,2550,2024-12-07
761,3711,2024-12-06
762,1675,2024-12-04
763,1953,2024-12-10
764,2400,2024-12-08
765,693,2024-12-13
766,2497,2024-12-09
767,2880,2024-12-12
768,3083,2024-12-12
769,3734,2024-12-08
770,213,2024-12-08
771,993,2024-12-06
772,2421,2024-12-08
773,2940,2024-12-10
774,3378,2024-12-10
775,3799,2024-12-10
776,174,2024-12-07
777,1089,2024-12-14
778,1386,2024-12-10
779,2254,2024-12-08
780,2600,2024-12-14
781,2757,2024-12-08
782,2990,2024-12-15
783,3906,2024-12-07
784,638,2024-12-09
785,727,2024-12-09
786,1160,2024-12-10
787,2267,2024-12-08
788,2419,2024-12-11
789,3303,2024-12-14
790,3453,2024-12-15
791,3976,2024-12-11
792,2223,2024-12-11
793,2871,2024-12-16
794,2519,2024-12-16
795,2826,2024-12-14
796,3406,2024-12-18
797,334,2024-12-14
798,1795,2024-12-19
799,2297,2024-12-19
800,354,2024-12-20
801,1373,2024-12-18
802,2195,2024-12-21
803,2521,2024-12-15
804,2714,2024-12-14
805,3325,2024-12-21
806,3347,2024-12-17
807,3771,2024-12-19
808,65,2024-12-17
809,452,2024-12-22
810,1392,2024-12-20
811,3234,2024-12-21
812,52,2024-12-21
813,692,2024-12-18
814,3922,2024-12-16
815,473,2024-12-25
816,722,2024-12-20
817,2793,2024-12-18
818,3334,2024-12-20
819,3886,2024-12-17
820,795,2024-12-18
821,1627,2024-12-19
822,3897,2024-12-24
823,882,2024-12-20
824,1016,2024-12-27
825,1902,2024-12-22
826,1438,2024-12-22
827,3649,2024-12-21
828,824,2024-12-26
829,1137,2024-12-23
830,1469,2024-12-21
831,1968,2024-12-21
832,1983,2024-12-28
833,261,2024-12-26
834,379,2024-12-23
835,1114,2024-12-28
836,2209,2024-12-28
837,1834,2024-12-27
838,2713,2024-12-26
839,3895,2024-12-23
840,939,2025-01-01
841,1493,2024-12-30
842,1739,2024-12-24
843,1921,2024-12-28
844,2350,2024-12-26
845,2353,2025-01-01
846,2460,2024-12-27
847,42,2024-12-26
848,1155,2024-12-31
849,1678,2025-01-01
850,2058,2024-12-27
851,2790,2024-12-28
852,3779,2024-12-27
853,394,2024-12-30
854,904,2025-01-01
855,1819,2024-12-30
856,3367,2024-12-30
857,3893,2025-01-02
858,3997,2024-12-27
859,45,2024-12-27
860,3072,2025-01-02
861,1985,2024-12-28
862,2331,2025-01-03
863,2897,2024-12-28
864,3544,2025-01-04
865,3668,2025-01-05
866,3838,2025-01-01
867,202,2025-01-06
868,240,2025-01-06
869,298,2025-01-07
870,724,2025-01-07
871,930,2025-01-01
872,1689,2024-12-31
873,275,2025-01-04
874,445,2025-01-01
875,863,2025-01-08
876,2904,2025-01-01
877,3907,2024-12-31
878,1458,2025-01-01
879,1753,2025-01-08
880,2612,2025-01-03
881,3794,2025-01-02
882,3857,2025-01-10
883,2015,2025-01-07
884,2966,2025-01-10
885,1486,2025-01-12
886,1572,2025-01-04
887,1592,2025-01-05
888,2476,2025-01-05
889,854,2025-01-12
890,367,2025-01-06
891,1993,2025-01-11
892,3005,2025-01-12
893,3059,2025-01-10
894,3156,2025-01-13
895,3447,2025-01-12
896,1599,2025-01-12
897,2069,2025-01-15
898,2256,2025-01-12
899,3158,2025-01-14
900,629,2025-01-13
901,1503,2025-01-15
902,1543,2025-01-08
903,3046,2025-01-11
904,1518,2025-01-12
905,3596,2025-01-15
906,154,2025-01-17
907,1147,2025-01-15
908,1431,2025-01-14
909,2384,2025-01-17
910,2416,2025-01-11
911,3323,2025-01-10
912,639,2025-01-14
913,1143,2025-01-18
914,3392,2025-01-19
915,1181,2025-01-16
916,1654,2025-01-20
917,1871,2025-01-18
918,2590,2025-01-17
919,952,2025-01-15
920,2292,2025-01-16
921,2441,2025-01-13
922,2481,2025-01-21
923,80,2025-01-14
924,175,2025-01-18
925,2257,2025-01-19
926,3421,2025-01-17
927,3914,2025-01-17
928,2146,2025-01-19
929,2703,2025-01-18
930,3190,2025-01-15
931,2341,2025-01-20
932,1055,2025-01-25
933,1409,2025-01-19
934,1761,2025-01-17
935,2964,2025-01-24
936,39,2025-01-18
937,1726,2025-01-18
938,3088,2025-01-18
939,1230,2025-01-21
940,2235,2025-01-25
941,2758,2025-01-26
942,3193,2025-01-24
943,3350,2025-01-24
944,1719,2025-01-24
945,2031,2025-01-27
946,3881,2025-01-25
947,126,2025-01-24
948,2734,2025-01-27
949,2817,2025-01-25
950,3338,2025-01-22
951,92,2025-01-28
952,737,2025-01-25
953,748,2025-01-30
954,2229,2025-01-24
955,2748,2025-01-27
956,1879,2025-01-24
957,2278,2025-01-24
958,3061,2025-01-30
959,3623,2025-01-25
960,3675,2025-01-26
961,3748,2025-01-23
962,1994,2025-01-27
963,2883,2025-01-29
964,3470,2025-02-01
965,204,2025-01-27
966,615,2025-01-26
967,710,2025-02-01
968,921,2025-01-27
969,1687,2025-01-31
970,2511,2025-01-28
971,214,2025-01-29
972,703,2025-01-26
973,1053,2025-02-03
974,1012,2025-01-27
975,1450,2025-01-31
976,1915,2025-02-04
977,2564,2025-01-27
978,2994,2025-02-04
979,3091,2025-02-04
980,897,2025-02-03
981,989,2025-01-29
982,1148,2025-01-29
983,597,2025-01-31
984,2184,2025-02-03
985,2776,2025-02-06
986,2865,2025-01-29
987,3152,2025-02-02
988,1356,2025-02-03
989,1852,2025-02-03
990,3128,2025-01-31
991,3471,2025-02-06
992,3921,2025-02-05
993,335,2025-02-08
994,1167,2025-02-08
995,1872,2025-02-03
996,1970,2025-02-03
997,410,2025-02-04
998,432,2025-02-05
999,2115,2025-02-10
1000,2818,2025-02-04
1001,82,2025-02-10
1002,3192,2025-02-12
1003,3227,2025-02-05
1004,3948,2025-02-04
1005,117,2025-02-13
1006,461,2025-02-06
1007,877,2025-02-12
1008,887,2025-02-11
1009,1958,2025-02-11
1010,2613,2025-02-08
1011,3307,2025-02-10
1012,3632,2025-02-07
1013,3992,2025-02-06
1014,933,2025-02-11
1015,1040,2025-02-08
1016,1986,2025-02-12
1017,2659,2025-02-13
1018,3043,2025-02-09
1019,3262,2025-02-13
1020,3567,2025-02-07
1021,3737,2025-02-07
1022,3811,2025-02-06
1023,791,2025-02-14
1024,1371,2025-02-07
1025,1706,2025-02-13
1026,1746,2025-02-15
1027,2577,2025-02-13
1028,3197,2025-02-15
1029,447,2025-02-14
1030,617,2025-02-12
1031,1508,2025-02-14
1032,1845,2025-02-12
1033,2167,2025-02-09
1034,2340,2025-02-12
1035,2738,2025-02-15
1036,2937,2025-02-11
1037,3200,2025-02-13
1038,3208,2025-02-12
1039,1022,2025-02-15
1040,3027,2025-02-17
1041,3327,2025-02-14
1042,19,2025-02-13
1043,305,2025-02-17
1044,790,2025-02-14
1045,3024,2025-02-12
1046,1044,2025-02-16
1047,114,2025-02-14
1048,1820,2025-02-17
1049,3045,2025-02-19
1050,3299,2025-02-19
1051,3342,2025-02-18
1052,130,2025-02-21
1053,1051,2025-02-20
1054,1476,2025-02-20
1055,1667,2025-02-16
1056,2131,2025-02-18
1057,2346,2025-02-14
1058,3563,2025-02-19
1059,3879,2025-02-19
1060,266,2025-02-14
1061,1423,2025-02-17
1062,2355,2025-02-16
1063,2824,2025-02-17
1064,3209,2025-02-21
1065,3433,2025-02-14
1066,1793,2025-02-16
1067,2995,2025-02-19
1068,1542,2025-02-16
1069,1731,2025-02-21
1070,2505,2025-02-16
1071,3089,2025-02-23
1072,295,2025-02-18
1073,893,2025-02-22
1074,1737,2025-02-18
1075,2725,2025-02-23
1076,3050,2025-02-20
1077,294,2025-02-20
1078,499,2025-02-21
1079,2309,2025-02-18
1080,849,2025-02-23
1081,2531,2025-02-26
1082,2922,2025-02-26
1083,3008,2025-02-21
1084,3215,2025-02-24
1085,3300,2025-02-25
1086,3340,2025-02-20
1087,3684,2025-02-20
1088,642,2025-02-25
1089,1210,2025-02-25
1090,2272,2025-02-23
1091,2947,2025-02-23
1092,128,2025-03-01
1093,1240,2025-02-25
1094,1892,2025-02-22
1095,1255,2025-02-28
1096,2773,2025-02-24
1097,2839,2025-02-22
1098,2949,2025-02-28
1099,3450,2025-02-24
1100,3715,2025-03-02
1101,478,2025-03-03
1102,1831,2025-02-24
1103,1913,2025-02-28
1104,2525,2025-03-01
1105,2788,2025-03-01
1106,3365,2025-02-23
1107,3990,2025-02-26
1108,25,2025-02-24
1109,469,2025-03-04
1110,2873,2025-02-24
1111,3431,2025-03-01
1112,324,2025-02-26
1113,341,2025-03-05
1114,571,2025-02-28
1115,1314,2025-03-01
1116,2359,2025-02-28
1117,2902,2025-03-01
1118,3439,2025-02-28
1119,3962,2025-03-03
1120,436,2025-03-01
1121,1269,2025-03-03
1122,2315,2025-03-04
1123,2570,2025-03-06
1124,87,2025-02-27
1125,1234,2025-03-07
1126,1964,2025-03-06
1127,2696,2025-03-06
1128,3594,2025-03-02
1129,898,2025-03-04
1130,1296,2025-03-07
1131,2038,2025-03-02
1132,3393,2025-03-04
1133,3518,2025-03-04
1134,3643,2025-03-01
1135,3855,2025-03-06
1136,1440,2025-03-08
1137,1639,2025-03-07
1138,2750,2025-03-03
1139,715,2025-03-03
1140,1813,2025-03-10
1141,1841,2025-03-09
1142,3040,2025-03-06
1143,3144,2025-03-05
1144,3446,2025-03-02
1145,810,2025-03-09
1146,1024,2025-03-07
1147,1653,2025-03-10
1148,2741,2025-03-07
1149,2797,2025-03-05
1150,666,2025-03-07
1151,1138,2025-03-06
1152,1976,2025-03-10
1153,2240,2025-03-12
1154,2593,2025-03-07
1155,3003,2025-03-08
1156,3094,2025-03-12
1157,3165,2025-03-11
1158,3223,2025-03-04
1159,792,2025-03-07
1160,1283,2025-03-10
1161,932,2025-03-07
1162,2958,2025-03-12
1163,3002,2025-03-08
1164,3757,2025-03-14
1165,711,2025-03-07
1166,839,2025-03-15
1167,1383,2025-03-11
1168,3260,2025-03-12
1169,3375,2025-03-11
1170,396,2025-03-16
1171,2407,2025-03-10
1172,2718,2025-03-14
1173,159,2025-03-11
1174,332,2025-03-16
1175,1329,2025-03-16
1176,1437,2025-03-12
1177,2438,2025-03-12
1178,2712,2025-03-10
1179,1281,2025-03-12
1180,1302,2025-03-15
1181,2181,2025-03-18
1182,2313,2025-03-11
1183,2491,2025-03-12
1184,2572,2025-03-18
1185,2657,2025-03-17
1186,75,2025-03-17
1187,285,2025-03-17
1188,2409,2025-03-14
1189,2618,2025-03-15
1190,3960,2025-03-11
1191,763,2025-03-16
1192,2101,2025-03-13
1193,2684,2025-03-19
1194,2998,2025-03-16
1195,3669,2025-03-16
1196,783,2025-03-20
1197,2300,2025-03-19
1198,3415,2025-03-18
1199,3821,2025-03-15
1200,547,2025-03-16
1201,954,2025-03-18
1202,3273,2025-03-20
1203,3381,2025-03-20
1204,183,2025-03-23
1205,475,2025-03-20
1206,759,2025-03-16
1207,874,2025-03-21
1208,924,2025-03-17
1209,2301,2025-03-16
1210,3276,2025-03-22
1211,3880,2025-03-20
1212,684,2025-03-17
1213,1348,2025-03-23
1214,1836,2025-03-17
1215,2349,2025-03-19
1216,2877,2025-03-21
1217,3565,2025-03-18
1218,3839,2025-03-24
1219,1233,2025-03-21
1220,2196,2025-03-22
1221,3140,2025-03-21
1222,3546,2025-03-24
1223,3917,2025-03-17
1224,193,2025-03-24
1225,556,2025-03-19
1226,1869,2025-03-19
1227,2382,2025-03-24
1228,3754,2025-03-26
1229,3968,2025-03-23
1230,1005,2025-03-25
1231,1117,2025-03-28
1232,1214,2025-03-20
1233,1704,2025-03-27
1234,1957,2025-03-26
1235,2275,2025-03-26
1236,2832,2025-03-24
1237,3126,2025-03-28
1238,3679,2025-03-27
1239,735,2025-03-29
1240,1539,2025-03-25
1241,2771,2025-03-22
1242,3414,2025-03-24
1243,3656,2025-03-29
1244,3955,2025-03-24
1245,44,2025-03-23
1246,228,2025-03-24
1247,603,2025-03-29
1248,1301,2025-03-28
1249,1999,2025-03-22
1250,2328,2025-03-29
1251,3017,2025-03-30
1252,3285,2025-03-25
1253,3290,2025-03-25
1254,3758,2025-03-27
1255,3829,2025-03-26
1256,1748,2025-03-31
1257,3239,2025-03-25
1258,3310,2025-03-25
1259,3547,2025-03-27
1260,3713,2025-03-28
1261,3786,2025-03-25
1262,455,2025-03-28
1263,1738,2025-04-01
1264,1835,2025-04-01
1265,2615,2025-03-25
1266,3222,2025-03-30
1267,10,2025-03-25
1268,48,2025-03-28
1269,1444,2025-03-30
1270,3496,2025-03-28
1271,1146,2025-03-30
1272,2040,2025-03-27
1273,2145,2025-04-02
1274,2161,2025-04-01
1275,2182,2025-03-31
1276,3793,2025-03-30
1277,69,2025-04-02
1278,985,2025-03-28
1279,1929,2025-03-31
1280,2437,2025-03-28
1281,3266,2025-03-28
1282,3441,2025-03-28
1283,3526,2025-03-27
1284,375,2025-03-29
1285,892,2025-04-01
1286,1102,2025-04-04
1287,1171,2025-03-31
1288,1870,2025-03-29
1289,2509,2025-03-30
1290,201,2025-04-06
1291,816,2025-04-01
1292,1080,2025-04-03
1293,1112,2025-04-06
1294,2821,2025-04-02
1295,398,2025-04-03
1296,862,2025-04-07
1297,1328,2025-03-30
1298,3530,2025-03-31
1299,7,2025-04-02
1300,368,2025-04-07
1301,527,2025-04-07
1302,1717,2025-04-01
1303,3610,2025-04-02
1304,70,2025-04-08
1305,125,2025-04-08
1306,798,2025-04-02
1307,1427,2025-04-06
1308,1955,2025-04-07
1309,3727,2025-04-09
1310,601,2025-04-07
1311,1288,2025-04-05
1312,1943,2025-04-02
1313,2561,2025-04-03
1314,2591,2025-04-09
1315,3516,2025-04-06
1316,3870,2025-04-06
1317,3210,2025-04-10
1318,361,2025-04-08
1319,599,2025-04-04
1320,1259,2025-04-12
1321,1605,2025-04-04
1322,1952,2025-04-07
1323,2077,2025-04-04
1324,2093,2025-04-12
1325,2898,2025-04-06
1326,3505,2025-04-06
1327,3619,2025-04-04
1328,633,2025-04-11
1329,826,2025-04-09
1330,969,2025-04-06
1331,1478,2025-04-11
1332,1863,2025-04-10
1333,1930,2025-04-13
1334,2878,2025-04-09
1335,3107,2025-04-05
1336,3314,2025-04-07
1337,3401,2025-04-08
1338,3688,2025-04-12
1339,3705,2025-04-11
1340,530,2025-04-10
1341,687,2025-04-11
1342,1327,2025-04-08
1343,1988,2025-04-12
1344,2013,2025-04-11
1345,2900,2025-04-14
1346,3047,2025-04-13
1347,3503,2025-04-08
1348,2050,2025-04-15
1349,2343,2025-04-07
1350,2515,2025-04-09
1351,3543,2025-04-10
1352,378,2025-04-16
1353,1403,2025-04-14
1354,1451,2025-04-13
1355,1661,2025-04-14
1356,2042,2025-04-10
1357,2191,2025-04-14
1358,2393,2025-04-08
1359,3018,2025-04-08
1360,3020,2025-04-16
1361,3696,2025-04-08
1362,501,2025-04-14
1363,1669,2025-04-17
1364,2104,2025-04-09
1365,2450,2025-04-10
1366,3305,2025-04-17
1367,418,2025-04-18
1368,708,2025-04-18
1369,963,2025-04-10
1370,1076,2025-04-10
1371,647,2025-04-14
1372,2909,2025-04-11
1373,3999,2025-04-11
1374,2265,2025-04-17
1375,3495,2025-04-15
1376,467,2025-04-20
1377,994,2025-04-21
1378,1926,2025-04-15
1379,2425,2025-04-21
1380,3569,2025-04-19
1381,33,2025-04-22
1382,38,2025-04-21
1383,1241,2025-04-16
1384,1252,2025-04-16
1385,1363,2025-04-14
1386,2907,2025-04-17
1387,3620,2025-04-14
1388,3695,2025-04-21
1389,3746,2025-04-15
1390,77,2025-04-15
1391,1019,2025-04-23
1392,1038,2025-04-16
1393,1337,2025-04-21
1394,1657,2025-04-17
1395,2046,2025-04-17
1396,3226,2025-04-18
1397,144,2025-04-23
1398,1595,2025-04-22
1399,3272,2025-04-22
1400,3956,2025-04-18
1401,2,2025-04-18
1402,1711,2025-04-22
1403,2929,2025-04-21
1404,2144,2025-04-19
1405,2246,2025-04-23
1406,2316,2025-04-19
1407,2784,2025-04-26
1408,2801,2025-04-18
1409,3996,2025-04-25
1410,427,2025-04-19
1411,2201,2025-04-21
1412,2798,2025-04-26
1413,3011,2025-04-21
1414,973,2025-04-22
1415,1282,2025-04-24
1416,1502,2025-04-22
1417,1533,2025-04-28
1418,1656,2025-04-26
1419,1679,2025-04-23
1420,1826,2025-04-25
1421,2090,2025-04-28
1422,2544,2025-04-23
1423,3791,2025-04-24
1424,215,2025-04-23
1425,2861,2025-04-27
1426,3862,2025-04-24
1427,121,2025-04-30
1428,1868,2025-04-30
1429,2868,2025-04-29
1430,2914,2025-04-26
1431,1991,2025-04-28
1432,441,2025-04-29
1433,2710,2025-04-25
1434,2823,2025-04-24
1435,3652,2025-04-26
1436,674,2025-04-28
1437,2023,2025-04-28
1438,2606,2025-04-30
1439,2705,2025-04-30
1440,3246,2025-05-03
1441,3537,2025-05-03
1442,3552,2025-04-30
1443,283,2025-05-03
1444,1789,2025-04-28
1445,2488,2025-05-04
1446,2677,2025-04-29
1447,3368,2025-04-30
1448,3646,2025-05-02
1449,3847,2025-04-29
1450,366,2025-05-05
1451,1547,2025-04-28
1452,1609,2025-05-03
1453,2851,2025-04-28
1454,3472,2025-04-27
1455,3510,2025-05-02
1456,62,2025-05-03
1457,837,2025-05-06
1458,1730,2025-05-05
1459,2251,2025-05-03
1460,3028,2025-05-01
1461,1887,2025-04-29
1462,2685,2025-05-01
1463,2717,2025-05-05
1464,3014,2025-04-30
1465,3228,2025-05-03
1466,3422,2025-04-29
1467,197,2025-05-04
1468,649,2025-05-01
1469,910,2025-05-06
1470,1307,2025-05-07
1471,1390,2025-05-05
1472,1939,2025-05-02
1473,199,2025-05-01
1474,717,2025-05-03
1475,781,2025-05-08
1476,2096,2025-05-09
1477,2961,2025-05-02
1478,502,2025-05-06
1479,785,2025-05-07
1480,1060,2025-05-06
1481,1866,2025-05-10
1482,2130,2025-05-03
1483,2652,2025-05-03
1484,3130,2025-05-10
1485,3681,2025-05-03
1486,3813,2025-05-09
1487,286,2025-05-05
1488,580,2025-05-11
1489,1136,2025-05-07
1490,3424,2025-05-09
1491,758,2025-05-13
1492,1715,2025-05-09
1493,3531,2025-05-13
1494,3666,2025-05-12
1495,592,2025-05-10
1496,975,2025-05-10
1497,1039,2025-05-06
1498,1529,2025-05-06
1499,1712,2025-05-08
1500,3549,2025-05-12
1501,263,2025-05-09
1502,1168,2025-05-15
1503,1505,2025-05-15
1504,2508,2025-05-13
1505,2540,2025-05-12
1506,2840,2025-05-15
1507,3683,2025-05-07
1508,35,2025-05-15
1509,170,2025-05-10
1510,804,2025-05-08
1511,1111,2025-05-08
1512,1244,2025-05-16
1513,1903,2025-05-08
1514,2281,2025-05-13
1515,2789,2025-05-15
1516,3533,2025-05-08
1517,3796,2025-05-09
1518,522,2025-05-16
1519,1919,2025-05-13
1520,2095,2025-05-12
1521,406,2025-05-15
1522,866,2025-05-17
1523,1299,2025-05-15
1524,2465,2025-05-12
1525,2658,2025-05-12
1526,2893,2025-05-15
1527,2932,2025-05-15
1528,3025,2025-05-15
1529,3073,2025-05-16
1530,3589,2025-05-18
1531,3871,2025-05-10
1532,611,2025-05-19
1533,1078,2025-05-15
1534,1367,2025-05-17
1535,2324,2025-05-11
1536,2619,2025-05-11
1537,2912,2025-05-12
1538,3538,2025-05-16
1539,3541,2025-05-19
1540,3967,2025-05-12
1541,268,2025-05-14
1542,622,2025-05-15
1543,1085,2025-05-18
1544,3542,2025-05-14
1545,3665,2025-05-16
1546,3936,2025-05-14
1547,811,2025-05-17
1548,1144,2025-05-17
1549,1742,2025-05-20
1550,2500,2025-05-13
1551,3297,2025-05-13
1552,3635,2025-05-15
1553,3636,2025-05-18
1554,3850,2025-05-14
1555,20,2025-05-14
1556,1393,2025-05-20
1557,2390,2025-05-21
1558,2483,2025-05-16
1559,1125,2025-05-19
1560,2933,2025-05-19
1561,2334,2025-05-22
1562,3283,2025-05-16
1563,745,2025-05-22
1564,819,2025-05-24
1565,915,2025-05-24
1566,1203,2025-05-19
1567,1501,2025-05-21
1568,1881,2025-05-25
1569,3123,2025-05-24
1570,3207,2025-05-24
1571,3573,2025-05-21
1572,376,2025-05-25
1573,957,2025-05-24
1574,1389,2025-05-21
1575,1611,2025-05-18
1576,1860,2025-05-26
1577,1883,2025-05-21
1578,2037,2025-05-23
1579,2322,2025-05-25
1580,2951,2025-05-20
1581,3016,2025-05-26
1582,3833,2025-05-18
1583,4000,2025-05-19
1584,1410,2025-05-19
1585,1579,2025-05-19
1586,1693,2025-05-25
1587,2645,2025-05-22
1588,2667,2025-05-23
1589,3418,2025-05-26
1590,3425,2025-05-23
1591,3566,2025-05-20
1592,191,2025-05-28
1593,1906,2025-05-20
1594,3030,2025-05-24
1595,3837,2025-05-22
1596,89,2025-05-21
1597,347,2025-05-23
1598,1074,2025-05-23
1599,1565,2025-05-24
1600,2211,2025-05-21
1601,3702,2025-05-26
1602,3844,2025-05-28
1603,789,2025-05-27
1604,822,2025-05-29
1605,1818,2025-05-25
1606,112,2025-05-26
1607,115,2025-05-29
1608,1011,2025-05-31
1609,2639,2025-05-25
1610,2660,2025-05-31
1611,2896,2025-05-30
1612,3315,2025-05-29
1613,3981,2025-05-28
1614,386,2025-05-31
1615,616,2025-05-29
1616,1471,2025-05-29
1617,1475,2025-05-29
1618,1554,2025-05-26
1619,1699,2025-05-29
1620,2869,2025-06-01
1621,37,2025-05-31
1622,902,2025-06-02
1623,1193,2025-05-30
1624,1619,2025-05-31
1625,2469,2025-06-02
1626,2727,2025-05-30
1627,3221,2025-05-25
1628,3369,2025-05-31
1629,3809,2025-05-31
1630,350,2025-05-30
1631,439,2025-06-03
1632,931,2025-06-02
1633,1766,2025-06-03
1634,2573,2025-05-28
1635,2601,2025-06-01
1636,3662,2025-05-30
1637,838,2025-06-04
1638,856,2025-06-03
1639,1426,2025-05-28
1640,1998,2025-05-30
1641,2578,2025-05-27
1642,3473,2025-05-27
1643,3532,2025-05-27
1644,3901,2025-05-29
1645,3912,2025-06-01
1646,1740,2025-06-02
1647,2064,2025-06-01
1648,2192,2025-06-03
1649,2317,2025-06-01
1650,2836,2025-06-02
1651,471,2025-06-01
1652,1088,2025-06-01
1653,1260,2025-06-02
1654,1341,2025-06-05
1655,1525,2025-06-06
1656,1624,2025-06-03
1657,232,2025-06-01
1658,1449,2025-06-03
1659,1481,2025-06-07
1660,3289,2025-06-03
1661,3460,2025-06-03
1662,233,2025-06-07
1663,288,2025-05-31
1664,465,2025-06-04
1665,753,2025-06-01
1666,1696,2025-06-04
1667,2374,2025-06-05
1668,2585,2025-05-31
1669,61,2025-06-06
1670,431,2025-06-07
1671,1197,2025-06-04
1672,2882,2025-06-04
1673,2911,2025-06-08
1674,3131,2025-06-01
1675,3789,2025-06-07
1676,242,2025-06-07
1677,894,2025-06-03
1678,955,2025-06-03
1679,1910,2025-06-10
1680,1966,2025-06-03
1681,2025,2025-06-08
1682,2217,2025-06-03
1683,2360,2025-06-05
1684,3217,2025-06-10
1685,528,2025-06-10
1686,868,2025-06-08
1687,1420,2025-06-08
1688,1456,2025-06-08
1689,1714,2025-06-07
1690,2452,2025-06-05
1691,1927,2025-06-06
1692,2764,2025-06-12
1693,3191,2025-06-05
1694,3456,2025-06-07
1695,236,2025-06-08
1696,1681,2025-06-07
1697,2551,2025-06-09
1698,108,2025-06-07
1699,136,2025-06-13
1700,206,2025-06-13
1701,550,2025-06-07
1702,879,2025-06-07
1703,1590,2025-06-14
1704,2132,2025-06-06
1705,2224,2025-06-07
1706,3663,2025-06-12
1707,3876,2025-06-13
1708,3965,2025-06-13
1709,74,2025-06-11
1710,1411,2025-06-10
1711,1578,2025-06-13
1712,1700,2025-06-07
1713,2644,2025-06-11
1714,2892,2025-06-15
1715,3125,2025-06-07
1716,3932,2025-06-15
1717,272,2025-06-13
1718,1056,2025-06-10
1719,1273,2025-06-15
1720,1377,2025-06-09
1721,1442,2025-06-12
1722,387,2025-06-12
1723,646,2025-06-15
1724,704,2025-06-13
1725,974,2025-06-16
1726,1120,2025-06-13
1727,1814,2025-06-12
1728,2978,2025-06-13
1729,3805,2025-06-16
1730,1695,2025-06-16
1731,2119,2025-06-18
1732,2819,2025-06-18
1733,462,2025-06-14
1734,700,2025-06-19
1735,772,2025-06-17
1736,967,2025-06-12
1737,2036,2025-06-17
1738,2925,2025-06-12
1739,3769,2025-06-19
1740,682,2025-06-19
1741,1200,2025-06-19
1742,1222,2025-06-18
1743,1370,2025-06-16
1744,1464,2025-06-17
1745,1480,2025-06-20
1746,1588,2025-06-12
1747,1979,2025-06-20
1748,2035,2025-06-16
1749,3174,2025-06-15
1750,3693,2025-06-13
1751,847,2025-06-19
1752,1585,2025-06-18
1753,2022,2025-06-15
1754,2404,2025-06-14
1755,2426,2025-06-20
1756,2786,2025-06-13
1757,3830,2025-06-13
1758,3944,2025-06-18
1759,307,2025-06-17
1760,920,2025-06-15
1761,1008,2025-06-16
1762,1013,2025-06-20
1763,1159,2025-06-14
1764,2616,2025-06-19
1765,3817,2025-06-19
1766,3920,2025-06-21
1767,2234,2025-06-19
1768,2502,2025-06-15
1769,3520,2025-06-17
1770,2548,2025-06-24
1771,2555,2025-06-20
1772,2855,2025-06-21
1773,2952,2025-06-21
1774,3436,2025-06-24
1775,1849,2025-06-24
1776,2250,2025-06-23
1777,3068,2025-06-22
1778,3113,2025-06-22
1779,1361,2025-06-19
1780,1487,2025-06-20
1781,1600,2025-06-24
1782,2241,2025-06-26
1783,3479,2025-06-19
1784,9,2025-06-22
1785,216,2025-06-19
1786,832,2025-06-26
1787,1186,2025-06-27
1788,2074,2025-06-22
1789,3182,2025-06-26
1790,916,2025-06-23
1791,1768,2025-06-21
1792,1922,2025-06-28
1793,578,2025-06-24
1794,1123,2025-06-26
1795,1175,2025-06-25
1796,1184,2025-06-22
1797,1278,2025-06-23
1798,1310,2025-06-24
1799,1429,2025-06-25
1800,1457,2025-06-26
1801,942,2025-06-24
1802,3093,2025-06-25
1803,3760,2025-06-24
1804,3780,2025-06-27
1805,3835,2025-06-30
1806,3865,2025-06-22
1807,3890,2025-06-24
1808,3900,2025-06-26
1809,3941,2025-06-27
1810,644,2025-06-28
1811,1082,2025-06-30
1812,2589,2025-06-24
1813,2858,2025-06-24
1814,3818,2025-06-29
1815,30,2025-06-26
1816,211,2025-07-01
1817,1421,2025-06-28
1818,2420,2025-06-27
1819,2475,2025-06-29
1820,3521,2025-06-25
1821,506,2025-06-29
1822,2147,2025-06-27
1823,3698,2025-07-03
1824,3925,2025-07-01
1825,870,2025-06-29
1826,1057,2025-06-28
1827,1366,2025-07-03
1828,1474,2025-06-26
1829,1589,2025-06-28
1830,2137,2025-06-29
1831,3109,2025-06-27
1832,3326,2025-07-03
1833,3707,2025-06-30
1834,2135,2025-06-27
1835,2829,2025-06-29
1836,139,2025-07-06
1837,342,2025-06-29
1838,1398,2025-06-28
1839,1837,2025-07-04
1840,2171,2025-06-28
1841,2339,2025-07-05
1842,3463,2025-07-04
1843,3993,2025-07-01
1844,561,2025-07-03
1845,946,2025-07-03
1846,1077,2025-07-02
1847,3410,2025-07-02
1848,3825,2025-07-03
1849,689,2025-07-06
1850,1276,2025-06-30
1851,409,2025-07-03
1852,510,2025-07-07
1853,903,2025-07-04
1854,929,2025-07-04
1855,2903,2025-07-06
1856,2950,2025-07-07
1857,2959,2025-07-05
1858,2985,2025-07-02
1859,3216,2025-07-07
1860,304,2025-07-04
1861,755,2025-07-10
1862,1756,2025-07-09
1863,2125,2025-07-02
1864,2631,2025-07-04
1865,3451,2025-07-07
1866,3468,2025-07-04
1867,3815,2025-07-03
1868,3848,2025-07-07
1869,686,2025-07-04
1870,986,2025-07-07
1871,2650,2025-07-06
1872,618,2025-07-09
1873,1781,2025-07-05
1874,2372,2025-07-11
1875,1338,2025-07-07
1876,2277,2025-07-08
1877,2686,2025-07-11
1878,2986,2025-07-13
1879,3149,2025-07-10
1880,3168,2025-07-05
1881,3186,2025-07-09
1882,3979,2025-07-09
1883,362,2025-07-14
1884,1864,2025-07-11
1885,2388,2025-07-08
1886,2683,2025-07-12
1887,3121,2025-07-06
1888,3202,2025-07-08
1889,3427,2025-07-09
1890,3486,2025-07-11
1891,3891,2025-07-10
1892,3911,2025-07-13
1893,1130,2025-07-09
1894,2745,2025-07-09
1895,3575,2025-07-11
1896,3591,2025-07-07
1897,3601,2025-07-12
1898,3924,2025-07-12
1899,137,2025-07-11
1900,300,2025-07-08
1901,896,2025-07-14
1902,2124,2025-07-09
1903,3251,2025-07-09
1904,3372,2025-07-11
1905,176,2025-07-09
1906,491,2025-07-09
1907,1622,2025-07-13
1908,2311,2025-07-14
1909,2376,2025-07-17
1910,2422,2025-07-11
1911,2530,2025-07-16
1912,2894,2025-07-14
1913,3943,2025-07-11
1914,526,2025-07-13
1915,1251,2025-07-14
1916,3417,2025-07-10
1917,827,2025-07-19
1918,1352,2025-07-18
1919,2329,2025-07-11
1920,3373,2025-07-16
1921,3866,2025-07-17
1922,1322,2025-07-20
1923,2034,2025-07-15
1924,2854,2025-07-15
1925,3157,2025-07-17
1926,3812,2025-07-17
1927,279,2025-07-18
1928,428,2025-07-19
1929,685,2025-07-16
1930,1558,2025-07-21
1931,1614,2025-07-18
1932,2962,2025-07-21
1933,3574,2025-07-14
1934,131,2025-07-22
1935,2112,2025-07-16
1936,2361,2025-07-22
1937,2493,2025-07-18
1938,2733,2025-07-17
1939,3009,2025-07-21
1940,3092,2025-07-18
1941,1101,2025-07-23
1942,1563,2025-07-21
1943,1729,2025-07-23
1944,2663,2025-07-15
1945,3185,2025-07-15
1946,3188,2025-07-20
1947,1081,2025-07-21
1948,1253,2025-07-23
1949,1453,2025-07-19
1950,2808,2025-07-19
1951,2989,2025-07-24
1952,3308,2025-07-16
1953,3346,2025-07-23
1954,84,2025-07-19
1955,103,2025-07-23
1956,338,2025-07-23
1957,1238,2025-07-17
1958,1816,2025-07-21
1959,2158,2025-07-17
1960,2627,2025-07-21
1961,3788,2025-07-21
1962,3858,2025-07-24
1963,449,2025-07-23
1964,605,2025-07-18
1965,828,2025-07-19
1966,1618,2025-07-25
1967,3878,2025-07-23
1968,1358,2025-07-19
1969,1944,2025-07-24
1970,2081,2025-07-25
1971,2830,2025-07-25
1972,3846,2025-07-24
1973,403,2025-07-25
1974,1829,2025-07-28
1975,1850,2025-07-20
1976,2247,2025-07-26
1977,2303,2025-07-25
1978,2445,2025-07-28
1979,2864,2025-07-26
1980,3908,2025-07-27
1981,3916,2025-07-22
1982,1703,2025-07-23
1983,2237,2025-07-24
1984,2688,2025-07-23
1985,3728,2025-07-25
1986,3761,2025-07-23
1987,270,2025-07-22
1988,770,2025-07-26
1989,1075,2025-07-25
1990,1110,2025-07-22
1991,1113,2025-07-22
1992,1250,2025-07-28
1993,1823,2025-07-25
1994,1900,2025-07-23
1995,1909,2025-07-23
1996,2271,2025-07-22
1997,2283,2025-07-28
1998,2337,2025-07-29
1999,2943,2025-07-23
2000,3236,2025-07-25
2001,3797,2025-07-28
2002,3851,2025-07-25
2003,3947,2025-07-27
2004,2053,2025-07-24
2005,2490,2025-07-24
2006,2672,2025-07-27
2007,3370,2025-07-25
2008,3612,2025-07-23
2009,3629,2025-07-25
2010,3872,2025-07-31
2011,3938,2025-07-29
2012,872,2025-07-25
2013,1764,2025-07-26
2014,2367,2025-07-26
2015,3474,2025-07-27
2016,965,2025-07-27
2017,1206,2025-08-02
2018,1223,2025-07-31
2019,1807,2025-07-26
2020,3120,2025-07-29
2021,3122,2025-07-25
2022,3204,2025-07-27
2023,3245,2025-07-29
2024,223,2025-07-31
2025,848,2025-07-30
2026,984,2025-07-28
2027,1365,2025-07-28
2028,1384,2025-07-30
2029,2516,2025-07-28
2030,440,2025-07-29
2031,565,2025-07-31
2032,1014,2025-07-30
2033,1092,2025-07-27
2034,1448,2025-07-29
2035,2189,2025-07-30
2036,2975,2025-07-29
2037,3081,2025-07-27
2038,464,2025-07-28
2039,909,2025-07-28
2040,1519,2025-07-29
2041,2664,2025-07-31
2042,3388,2025-07-30
2043,3984,2025-08-04
2044,1538,2025-08-06
2045,2045,2025-07-31
2046,2431,2025-08-06
2047,3160,2025-07-31
2048,3625,2025-08-02
2049,3731,2025-08-01
2050,554,2025-08-04
2051,1079,2025-07-30
2052,1567,2025-08-06
2053,2566,2025-07-31
2054,2775,2025-08-02
2055,247,2025-08-05
2056,456,2025-08-03
2057,805,2025-08-02
2058,1131,2025-08-05
2059,1417,2025-08-06
2060,1597,2025-08-01
2061,1811,2025-08-07
2062,2369,2025-08-06
2063,2634,2025-08-02
2064,3103,2025-08-04
2065,3664,2025-08-08
2066,934,2025-08-05
2067,1517,2025-08-07
2068,1803,2025-08-08
2069,1951,2025-08-07
2070,2918,2025-08-05
2071,3171,2025-08-01
2072,3194,2025-08-09
2073,3680,2025-08-08
2074,167,2025-08-09
2075,996,2025-08-07
2076,1413,2025-08-05
2077,2218,2025-08-08
2078,2633,2025-08-03
2079,278,2025-08-07
2080,1655,2025-08-03
2081,1894,2025-08-11
2082,2083,2025-08-06
2083,2473,2025-08-03
2084,157,2025-08-11
2085,767,2025-08-04
2086,1015,2025-08-04
2087,1205,2025-08-10
2088,2109,2025-08-07
2089,2799,2025-08-07
2090,2968,2025-08-10
2091,3312,2025-08-04
2092,3986,2025-08-06
2093,168,2025-08-12
2094,1467,2025-08-08
2095,2459,2025-08-06
2096,3336,2025-08-10
2097,3974,2025-08-11
2098,259,2025-08-13
2099,507,2025-08-08
2100,787,2025-08-12
2101,1817,2025-08-07
2102,2608,2025-08-13
2103,2934,2025-08-09
2104,2973,2025-08-12
2105,3119,2025-08-08
2106,3452,2025-08-08
2107,3535,2025-08-10
2108,323,2025-08-12
2109,788,2025-08-15
2110,1163,2025-08-14
2111,1494,2025-08-14
2112,2259,2025-08-14
2113,2418,2025-08-10
2114,2464,2025-08-15
2115,3363,2025-08-09
2116,3390,2025-08-11
2117,3391,2025-08-10
2118,351,2025-08-16
2119,1506,2025-08-10
2120,2111,2025-08-09
2121,2397,2025-08-12
2122,2772,2025-08-14
2123,405,2025-08-11
2124,497,2025-08-11
2125,650,2025-08-11
2126,1109,2025-08-11
2127,1873,2025-08-11
2128,2682,2025-08-17
2129,3237,2025-08-12
2130,3396,2025-08-12
2131,3689,2025-08-17
2132,207,2025-08-11
2133,1297,2025-08-13
2134,3420,2025-08-18
2135,3762,2025-08-15
2136,8,2025-08-13
2137,106,2025-08-13
2138,2143,2025-08-14
2139,2545,2025-08-16
2140,537,2025-08-12
2141,762,2025-08-18
2142,956,2025-08-14
2143,3141,2025-08-19
2144,3167,2025-08-12
2145,3529,2025-08-16
2146,3716,2025-08-12
2147,3952,2025-08-13
2148,1219,2025-08-17
2149,1751,2025-08-17
2150,3079,2025-08-14
2151,3118,2025-08-15
2152,3678,2025-08-17
2153,417,2025-08-19
2154,508,2025-08-16
2155,683,2025-08-16
2156,1844,2025-08-16
2157,3044,2025-08-18
2158,3736,2025-08-19
2159,104,2025-08-21
2160,3319,2025-08-22
2161,3747,2025-08-15
2162,99,2025-08-24
2163,1566,2025-08-19
2164,1725,2025-08-19
2165,2016,2025-08-21
2166,3026,2025-08-16
2167,3304,2025-08-20
2168,343,2025-08-23
2169,652,2025-08-19
2170,1591,2025-08-20
2171,1846,2025-08-20
2172,2602,2025-08-24
2173,2737,2025-08-21
2174,3353,2025-08-18
2175,3854,2025-08-22
2176,2076,2025-08-21
2177,2579,2025-08-23
2178,3322,2025-08-26
2179,3499,2025-08-21
2180,551,2025-08-22
2181,1298,2025-08-27
2182,2215,2025-08-26
2183,2796,2025-08-27
2184,2828,2025-08-24
2185,3255,2025-08-20
2186,36,2025-08-20
2187,919,2025-08-25
2188,1379,2025-08-23
2189,1633,2025-08-20
2190,2529,2025-08-24
2191,2647,2025-08-25
2192,3301,2025-08-28
2193,3405,2025-08-27
2194,3987,2025-08-25
2195,129,2025-08-26
2196,610,2025-08-21
2197,2624,2025-08-29
2198,1,2025-08-24
2199,12,2025-08-27
2200,612,2025-08-29
2201,906,2025-08-24
2202,1054,2025-08-25
2203,1324,2025-08-24
2204,1788,2025-08-25
2205,3085,2025-08-22
2206,235,2025-08-23
2207,541,2025-08-30
2208,705,2025-08-23
2209,895,2025-08-31
2210,1428,2025-08-29
2211,1446,2025-08-24
2212,1899,2025-08-31
2213,2815,2025-08-29
2214,2867,2025-08-27
2215,407,2025-09-01
2216,495,2025-08-28
2217,1402,2025-08-30
2218,1432,2025-08-31
2219,1694,2025-08-28
2220,1808,2025-08-31
2221,2172,2025-08-29
2222,3235,2025-08-26
2223,3861,2025-08-25
2224,485,2025-08-29
2225,1031,2025-09-02
2226,1285,2025-08-28
2227,1416,2025-08-30
2228,2049,2025-08-31
2229,2079,2025-08-30
2230,2100,2025-08-25
2231,2767,2025-09-02
2232,3086,2025-08-31
2233,719,2025-08-28
2234,1093,2025-08-28
2235,1773,2025-09-02
2236,1790,2025-08-26
2237,2430,2025-08-28
2238,545,2025-09-01
2239,669,2025-08-29
2240,1530,2025-09-01
2241,2178,2025-08-31
2242,2232,2025-08-28
2243,3905,2025-08-28
2244,3988,2025-08-27
2245,536,2025-09-02
2246,905,2025-09-02
2247,1231,2025-09-03
2248,1360,2025-08-30
2249,1532,2025-09-01
2250,3029,2025-08-29
2251,3051,2025-08-30
2252,3522,2025-09-03
2253,109,2025-09-04
2254,319,2025-09-05
2255,793,2025-09-04
2256,943,2025-09-06
2257,962,2025-08-29
2258,1513,2025-09-02
2259,2470,2025-08-29
2260,2499,2025-09-03
2261,2853,2025-09-04
2262,3084,2025-09-02
2263,3198,2025-09-05
2264,3775,2025-08-29
2265,111,2025-09-02
2266,1369,2025-09-02
2267,2628,2025-09-05
2268,3176,2025-09-03
2269,1261,2025-09-02
2270,1833,2025-09-04
2271,2314,2025-09-05
2272,16,2025-09-04
2273,914,2025-09-03
2274,1443,2025-09-01
2275,2113,2025-09-07
2276,2122,2025-09-06
2277,2586,2025-09-05
2278,3853,2025-09-04
2279,3919,2025-09-03
2280,173,2025-09-08
2281,302,2025-09-03
2282,675,2025-09-06
2283,1607,2025-09-05
2284,1625,2025-09-06
2285,1671,2025-09-02
2286,1978,2025-09-05
2287,2174,2025-09-09
2288,2997,2025-09-03
2289,3785,2025-09-07
2290,532,2025-09-05
2291,1002,2025-09-07
2292,1064,2025-09-06
2293,2020,2025-09-04
2294,2059,2025-09-03
2295,2386,2025-09-04
2296,2424,2025-09-08
2297,2526,2025-09-09
2298,2731,2025-09-11
2299,3483,2025-09-06
2300,3587,2025-09-03
2301,257,2025-09-09
2302,262,2025-09-07
2303,303,2025-09-05
2304,493,2025-09-06
2305,747,2025-09-06
2306,1204,2025-09-09
2307,3440,2025-09-06
2308,3790,2025-09-10
2309,312,2025-09-09
2310,1460,2025-09-12
2311,2024,2025-09-09
2312,2084,2025-09-12
2313,2320,2025-09-13
2314,2439,2025-09-12
2315,2690,2025-09-05
2316,2863,2025-09-11
2317,3617,2025-09-12
2318,34,2025-09-12
2319,982,2025-09-10
2320,1552,2025-09-10
2321,2164,2025-09-08
2322,3033,2025-09-14
2323,3413,2025-09-12
2324,3443,2025-09-09
2325,3595,2025-09-06
2326,3648,2025-09-13
2327,3918,2025-09-06
2328,388,2025-09-14
2329,419,2025-09-15
2330,563,2025-09-08
2331,1931,2025-09-07
2332,2457,2025-09-08
2333,3090,2025-09-07
2334,3466,2025-09-08
2335,3661,2025-09-09
2336,2226,2025-09-12
2337,2807,2025-09-12
2338,3493,2025-09-16
2339,3667,2025-09-08
2340,3964,2025-09-13
2341,68,2025-09-15
2342,1047,2025-09-13
2343,1621,2025-09-11
2344,1736,2025-09-10
2345,1959,2025-09-10
2346,2160,2025-09-17
2347,2723,2025-09-16
2348,2779,2025-09-13
2349,3434,2025-09-09
2350,808,2025-09-10
2351,1490,2025-09-14
2352,2503,2025-09-14
2353,2778,2025-09-11
2354,2928,2025-09-10
2355,3138,2025-09-10
2356,3214,2025-09-17
2357,3777,2025-09-12
2358,855,2025-09-14
2359,981,2025-09-12
2360,1095,2025-09-15
2361,1224,2025-09-13
2362,3691,2025-09-11
2363,24,2025-09-16
2364,750,2025-09-15
2365,754,2025-09-12
2366,1195,2025-09-18
2367,2921,2025-09-16
2368,3885,2025-09-12
2369,116,2025-09-17
2370,472,2025-09-14
2371,884,2025-09-15
2372,1395,2025-09-14
2373,2514,2025-09-13
2374,3133,2025-09-20
2375,3143,2025-09-13
2376,613,2025-09-18
2377,1603,2025-09-17
2378,1620,2025-09-15
2379,1949,2025-09-14
2380,2206,2025-09-19
2381,2730,2025-09-19
2382,3513,2025-09-14
2383,494,2025-09-18
2384,626,2025-09-16
2385,1141,2025-09-20
2386,1178,2025-09-23
2387,1626,2025-09-23
2388,1923,2025-09-22
2389,2152,2025-09-23
2390,2583,2025-09-20
2391,3630,2025-09-15
2392,3842,2025-09-21
2393,221,2025-09-22
2394,1010,2025-09-16
2395,1254,2025-09-22
2396,2213,2025-09-23
2397,2981,2025-09-21
2398,3280,2025-09-17
2399,3971,2025-09-20
2400,192,2025-09-18
2401,337,2025-09-21
2402,1351,2025-09-25
2403,2553,2025-09-20
2404,2833,2025-09-22
2405,2837,2025-09-18
2406,3613,2025-09-22
2407,453,2025-09-24
2408,844,2025-09-18
2409,1126,2025-09-23
2410,1142,2025-09-19
2411,1631,2025-09-22
2412,2722,2025-09-20
2413,3242,2025-09-25
2414,3331,2025-09-25
2415,637,2025-09-19
2416,691,2025-09-21
2417,709,2025-09-20
2418,1018,2025-09-24
2419,1397,2025-09-22
2420,1683,2025-09-27
2421,2073,2025-09-25
2422,3674,2025-09-20
2423,28,2025-09-21
2424,476,2025-09-25
2425,620,2025-09-21
2426,1414,2025-09-21
2427,1878,2025-09-21
2428,2708,2025-09-26
2429,3232,2025-09-22
2430,224,2025-09-28
2431,239,2025-09-22
2432,424,2025-09-25
2433,549,2025-09-24
2434,1201,2025-09-26
2435,1937,2025-09-24
2436,2395,2025-09-25
2437,2729,2025-09-22
2438,3386,2025-09-21
2439,3631,2025-09-27
2440,2071,2025-09-23
2441,2228,2025-09-28
2442,2587,2025-09-27
2443,2889,2025-09-22
2444,3105,2025-09-26
2445,3124,2025-09-29
2446,3354,2025-09-24
2447,3712,2025-09-27
2448,15,2025-09-28
2449,1145,2025-09-26
2450,1239,2025-09-24
2451,2489,2025-09-23
2452,2546,2025-09-30
2453,198,2025-09-27
2454,725,2025-10-01
2455,1128,2025-09-25
2456,1932,2025-09-26
2457,2919,2025-09-26
2458,3077,2025-09-24
2459,3302,2025-10-01
2460,153,2025-09-27
2461,451,2025-09-30
2462,775,2025-09-25
2463,917,2025-10-03
2464,1418,2025-09-29
2465,1557,2025-09-30
2466,1724,2025-09-27
2467,1857,2025-09-29
2468,2027,2025-09-25
2469,2044,2025-10-03
2470,2205,2025-10-03
2471,2356,2025-10-01
2472,2969,2025-09-25
2473,3887,2025-10-01
2474,1270,2025-09-28
2475,1280,2025-10-01
2476,1810,2025-09-29
2477,3714,2025-09-29
2478,595,2025-10-03
2479,1821,2025-09-27
2480,3694,2025-09-28
2481,635,2025-09-28
2482,1723,2025-10-01
2483,1884,2025-09-29
2484,2915,2025-09-29
2485,3114,2025-10-02
2486,3147,2025-09-28
2487,3359,2025-09-28
2488,47,2025-10-07
2489,72,2025-09-30
2490,151,2025-10-01
2491,438,2025-10-06
2492,539,2025-09-30
2493,1990,2025-10-01
2494,2212,2025-10-01
2495,2478,2025-10-07
2496,2906,2025-10-07
2497,3309,2025-10-06
2498,901,2025-10-04
2499,1394,2025-10-01
2500,1459,2025-10-05
2501,1851,2025-10-04
2502,1891,2025-10-02
2503,1938,2025-10-05
2504,2781,2025-10-04
2505,2888,2025-10-03
2506,3112,2025-10-04
2507,3181,2025-10-05
2508,3199,2025-09-30
2509,3229,2025-10-02
2510,3294,2025-10-06
2511,3558,2025-10-06
2512,3889,2025-10-04
2513,679,2025-10-03
2514,734,2025-10-08
2515,778,2025-10-04
2516,948,2025-10-09
2517,1165,2025-10-07
2518,1408,2025-10-07
2519,2760,2025-10-07
2520,2942,2025-10-05
2521,3626,2025-10-09
2522,297,2025-10-03
2523,865,2025-10-03
2524,1069,2025-10-02
2525,1258,2025-10-07
2526,1312,2025-10-03
2527,1559,2025-10-04
2528,3064,2025-10-04
2529,3254,2025-10-09
2530,63,2025-10-05
2531,628,2025-10-07
2532,718,2025-10-06
2533,1652,2025-10-03
2534,1886,2025-10-09
2535,2456,2025-10-10
2536,2462,2025-10-10
2537,3475,2025-10-10
2538,3527,2025-10-11
2539,3555,2025-10-06
2540,3718,2025-10-09
2541,148,2025-10-11
2542,2075,2025-10-11
2543,2884,2025-10-12
2544,3352,2025-10-05
2545,155,2025-10-05
2546,194,2025-10-12
2547,630,2025-10-05
2548,764,2025-10-13
2549,813,2025-10-07
2550,972,2025-10-09
2551,1277,2025-10-05
2552,1802,2025-10-13
2553,1822,2025-10-08
2554,2370,2025-10-10
2555,2680,2025-10-06
2556,3435,2025-10-08
2557,3950,2025-10-08
2558,740,2025-10-07
2559,845,2025-10-11
2560,1041,2025-10-13
2561,1217,2025-10-08
2562,2108,2025-10-06
2563,2163,2025-10-14
2564,486,2025-10-09
2565,732,2025-10-10
2566,2252,2025-10-13
2567,2498,2025-10-13
2568,2543,2025-10-08
2569,2872,2025-10-13
2570,2875,2025-10-09
2571,3206,2025-10-07
2572,3243,2025-10-08
2573,3332,2025-10-14
2574,3841,2025-10-09
2575,3929,2025-10-12
2576,227,2025-10-09
2577,292,2025-10-10
2578,293,2025-10-14
2579,371,2025-10-14
2580,2151,2025-10-08
2581,2335,2025-10-16
2582,2742,2025-10-14
2583,2752,2025-10-14
2584,3055,2025-10-09
2585,3556,2025-10-09
2586,76,2025-10-09
2587,158,2025-10-17
2588,546,2025-10-13
2589,567,2025-10-09
2590,688,2025-10-12
2591,2068,2025-10-09
2592,2368,2025-10-11
2593,2945,2025-10-16
2594,3383,2025-10-15
2595,370,2025-10-17
2596,1594,2025-10-13
2597,2621,2025-10-16
2598,3345,2025-10-10
2599,3561,2025-10-18
2600,3605,2025-10-16
2601,3658,2025-10-13
2602,3931,2025-10-13
2603,566,2025-10-14
2604,676,2025-10-16
2605,1072,2025-10-11
2606,1500,2025-10-17
2607,1216,2025-10-18
2608,1511,2025-10-18
2609,1885,2025-10-19
2610,2287,2025-10-18
2611,2496,2025-10-12
2612,3581,2025-10-17
2613,3739,2025-10-17
2614,29,2025-10-13
2615,590,2025-10-21
2616,1094,2025-10-13
2617,1658,2025-10-13
2618,1812,2025-10-18
2619,3004,2025-10-13
2620,3080,2025-10-13
2621,3659,2025-10-21
2622,3816,2025-10-16
2623,1027,2025-10-14
2624,1799,2025-10-20
2625,2310,2025-10-16
2626,2594,2025-10-19
2627,2668,2025-10-14
2628,2857,2025-10-22
2629,119,2025-10-15
2630,482,2025-10-20
2631,1570,2025-10-20
2632,1716,2025-10-21
2633,2165,2025-10-19
2634,2204,2025-10-19
2635,2599,2025-10-16
2636,2648,2025-10-19
2637,2785,2025-10-16
2638,2831,2025-10-17
2639,3082,2025-10-19
2640,3238,2025-10-18
2641,3940,2025-10-21
2642,1454,2025-10-17
2643,2123,2025-10-22
2644,2448,2025-10-16
2645,2879,2025-10-21
2646,3380,2025-10-16
2647,243,2025-10-19
2648,531,2025-10-17
2649,1058,2025-10-24
2650,1331,2025-10-23
2651,3275,2025-10-18
2652,5,2025-10-19
2653,230,2025-10-26
2654,415,2025-10-19
2655,992,2025-10-22
2656,1020,2025-10-26
2657,1220,2025-10-21
2658,1684,2025-10-24
2659,1728,2025-10-25
2660,2041,2025-10-26
2661,2157,2025-10-22
2662,2365,2025-10-18
2663,2435,2025-10-21
2664,3212,2025-10-20
2665,3321,2025-10-19
2666,3598,2025-10-25
2667,3654,2025-10-25
2668,3810,2025-10-22
2669,542,2025-10-20
2670,802,2025-10-20
2671,1066,2025-10-26
2672,1090,2025-10-25
2673,1537,2025-10-26
2674,1775,2025-10-24
2675,2273,2025-10-24
2676,3287,2025-10-19
2677,1447,2025-10-20
2678,2307,2025-10-24
2679,2740,2025-10-23
2680,3279,2025-10-27
2681,40,2025-10-26
2682,318,2025-10-24
2683,2026,2025-10-22
2684,2117,2025-10-26
2685,2538,2025-10-28
2686,2716,2025-10-26
2687,2848,2025-10-23
2688,3075,2025-10-23
2689,3268,2025-10-26
2690,3402,2025-10-21
2691,3489,2025-10-29
2692,3759,2025-10-24
2693,3873,2025-10-29
2694,3989,2025-10-27
2695,43,2025-10-22
2696,299,2025-10-25
2697,2290,2025-10-22
2698,3230,2025-10-25
2699,3928,2025-10-28
2700,842,2025-10-30
2701,886,2025-10-27
2702,1185,2025-10-31
2703,1908,2025-10-29
2704,2118,2025-10-30
2705,2120,2025-10-28
2706,2133,2025-10-29
2707,2279,2025-10-30
2708,2305,2025-10-28
2709,2643,2025-10-26
2710,2870,2025-10-28
2711,3213,2025-10-24
2712,3676,2025-10-28
2713,273,2025-10-27
2714,579,2025-10-28
2715,591,2025-10-31
2716,664,2025-10-28
2717,858,2025-10-27
2718,1099,2025-10-26
2719,1801,2025-10-31
2720,2689,2025-10-24
2721,2936,2025-11-01
2722,3250,2025-10-25
2723,3329,2025-10-26
2724,150,2025-10-25
2725,696,2025-11-01
2726,964,2025-11-02
2727,1646,2025-10-25
2728,1698,2025-10-25
2729,1912,2025-10-28
2730,1917,2025-11-01
2731,2410,2025-11-02
2732,2562,2025-10-26
2733,2967,2025-10-25
2734,3672,2025-10-26
2735,3767,2025-10-25
2736,241,2025-10-29
2737,509,2025-10-28
2738,1225,2025-10-26
2739,2187,2025-11-03
2740,2293,2025-10-28
2741,2413,2025-10-29
2742,3404,2025-10-30
2743,3490,2025-10-27
2744,643,2025-11-02
2745,1546,2025-10-27
2746,1615,2025-10-27
2747,2794,2025-11-03
2748,397,2025-11-02
2749,466,2025-11-04
2750,663,2025-11-05
2751,1158,2025-11-05
2752,1339,2025-11-02
2753,2405,2025-10-29
2754,2626,2025-11-03
2755,2891,2025-11-03
2756,3462,2025-10-29
2757,3476,2025-10-28
2758,609,2025-11-05
2759,860,2025-11-04
2760,1026,2025-11-02
2761,1713,2025-11-02
2762,2811,2025-11-02
2763,585,2025-10-30
2764,731,2025-11-03
2765,1030,2025-11-02
2766,1084,2025-11-03
2767,2700,2025-11-05
2768,2754,2025-10-31
2769,3362,2025-11-05
2770,521,2025-11-02
2771,782,2025-11-02
2772,999,2025-11-02
2773,1407,2025-11-07
2774,1727,2025-11-07
2775,2625,2025-11-02
2776,2979,2025-11-06
2777,3903,2025-11-01
2778,86,2025-11-01
2779,1189,2025-11-06
2780,1320,2025-11-05
2781,1935,2025-11-01
2782,2345,2025-11-03
2783,2728,2025-11-07
2784,2954,2025-11-01
2785,2984,2025-11-03
2786,3330,2025-11-09
2787,349,2025-11-06
2788,533,2025-11-08
2789,812,2025-11-07
2790,1006,2025-11-07
2791,1035,2025-11-04
2792,1406,2025-11-03
2793,1466,2025-11-10
2794,1686,2025-11-07
2795,1754,2025-11-08
2796,1916,2025-11-10
2797,2453,2025-11-10
2798,2518,2025-11-08
2799,2820,2025-11-06
2800,3387,2025-11-05
2801,50,2025-11-06
2802,311,2025-11-10
2803,562,2025-11-07
2804,1747,2025-11-08
2805,2671,2025-11-06
2806,3169,2025-11-04
2807,3244,2025-11-11
2808,3506,2025-11-03
2809,118,2025-11-06
2810,253,2025-11-07
2811,596,2025-11-12
2812,1809,2025-11-08
2813,2188,2025-11-12
2814,3281,2025-11-11
2815,3482,2025-11-10
2816,3618,2025-11-05
2817,321,2025-11-09
2818,498,2025-11-09
2819,3584,2025-11-09
2820,3766,2025-11-08
2821,3899,2025-11-08
2822,1097,2025-11-13
2823,1430,2025-11-09
2824,2387,2025-11-12
2825,3806,2025-11-06
2826,369,2025-11-07
2827,399,2025-11-15
2828,503,2025-11-12
2829,751,2025-11-14
2830,1164,2025-11-12
2831,2381,2025-11-10
2832,2584,2025-11-14
2833,2850,2025-11-11
2834,3504,2025-11-14
2835,1037,2025-11-14
2836,1152,2025-11-11
2837,2539,2025-11-09
2838,2641,2025-11-16
2839,2744,2025-11-11
2840,2913,2025-11-12
2841,2974,2025-11-10
2842,3409,2025-11-08
2843,3416,2025-11-08
2844,3945,2025-11-10
2845,435,2025-11-13
2846,1268,2025-11-11
2847,3726,2025-11-16
2848,3832,2025-11-17
2849,3896,2025-11-14
2850,3935,2025-11-11
2851,1228,2025-11-13
2852,1569,2025-11-14
2853,3376,2025-11-16
2854,141,2025-11-12
2855,164,2025-11-16
2856,374,2025-11-12
2857,840,2025-11-13
2858,925,2025-11-12
2859,1100,2025-11-17
2860,1555,2025-11-18
2861,1895,2025-11-17
2862,2154,2025-11-11
2863,2805,2025-11-19
2864,13,2025-11-18
2865,548,2025-11-12
2866,736,2025-11-13
2867,766,2025-11-12
2868,1779,2025-11-18
2869,2149,2025-11-18
2870,2362,2025-11-17
2871,2724,2025-11-20
2872,2803,2025-11-19
2873,3159,2025-11-20
2874,3316,2025-11-14
2875,3603,2025-11-16
2876,3685,2025-11-14
2877,730,2025-11-18
2878,938,2025-11-19
2879,1049,2025-11-18
2880,1295,2025-11-21
2881,1359,2025-11-15
2882,2762,2025-11-16
2883,3036,2025-11-21
2884,3060,2025-11-18
2885,3132,2025-11-17
2886,3163,2025-11-13
2887,3173,2025-11-17
2888,3519,2025-11-17
2889,3845,2025-11-18
2890,3959,2025-11-13
2891,11,2025-11-17
2892,182,2025-11-22
2893,390,2025-11-20
2894,492,2025-11-17
2895,1266,2025-11-22
2896,1512,2025-11-17
2897,2389,2025-11-18
2898,2856,2025-11-20
2899,3356,2025-11-20
2900,3481,2025-11-14
2901,3751,2025-11-22
2902,205,2025-11-16
2903,244,2025-11-19
2904,671,2025-11-19
2905,680,2025-11-23
2906,716,2025-11-21
2907,968,2025-11-15
2908,1515,2025-11-17
2909,2054,2025-11-21
2910,2800,2025-11-20
2911,2991,2025-11-18
2912,3735,2025-11-17
2913,389,2025-11-24
2914,479,2025-11-19
2915,487,2025-11-17
2916,586,2025-11-21
2917,889,2025-11-19
2918,1353,2025-11-16
2919,1422,2025-11-23
2920,1674,2025-11-16
2921,1847,2025-11-23
2922,3151,2025-11-17
2923,3288,2025-11-16
2924,3534,2025-11-20
2925,360,2025-11-25
2926,1672,2025-11-24
2927,1784,2025-11-25
2928,1848,2025-11-23
2929,2653,2025-11-17
2930,3225,2025-11-18
2931,3710,2025-11-22
2932,3768,2025-11-17
2933,124,2025-11-26
2934,352,2025-11-21
2935,1787,2025-11-21
2936,2298,2025-11-22
2937,2996,2025-11-23
2938,3233,2025-11-19
2939,3969,2025-11-20
2940,229,2025-11-27
2941,327,2025-11-21
2942,648,2025-11-23
2943,823,2025-11-24
2944,1561,2025-11-23
2945,3722,2025-11-20
2946,3869,2025-11-27
2947,340,2025-11-23
2948,1243,2025-11-23
2949,1805,2025-11-27
2950,3247,2025-11-28
2951,3551,2025-11-28
2952,3724,2025-11-21
2953,434,2025-11-25
2954,496,2025-11-28
2955,1052,2025-11-25
2956,1623,2025-11-23
2957,2243,2025-11-26
2958,2304,2025-11-21
2959,2609,2025-11-28
2960,2669,2025-11-25
2961,2842,2025-11-24
2962,3256,2025-11-29
2963,3477,2025-11-23
2964,3583,2025-11-21
2965,177,2025-11-25
2966,979,2025-11-27
2967,1166,2025-11-22
2968,1315,2025-11-22
2969,1898,2025-11-29
2970,2558,2025-11-30
2971,2632,2025-11-28
2972,2814,2025-11-29
2973,3933,2025-11-29
2974,380,2025-11-28
2975,936,2025-11-28
2976,2193,2025-11-23
2977,2479,2025-11-23
2978,2774,2025-11-28
2979,3957,2025-11-26
2980,78,2025-11-29
2981,249,2025-12-01
2982,1668,2025-11-30
2983,3110,2025-11-24
2984,3339,2025-11-27
2985,184,2025-12-01
2986,1061,2025-12-02
2987,1169,2025-11-28
2988,1387,2025-11-28
2989,2138,2025-12-01
2990,2522,2025-11-26
2991,3012,2025-11-29
2992,3525,2025-11-27
2993,575,2025-11-30
2994,927,2025-12-03
2995,1305,2025-11-30
2996,1472,2025-11-27
2997,1777,2025-12-01
2998,2052,2025-11-27
2999,3179,2025-12-02
3000,3592,2025-11-29
3001,1378,2025-11-29
3002,1827,2025-12-02
3003,1977,2025-12-03
3004,2471,2025-12-03
3005,3822,2025-11-28
3006,3859,2025-12-01
3007,181,2025-12-06
3008,940,2025-11-30
3009,1135,2025-12-02
3010,1439,2025-12-01
3011,2014,2025-12-04
3012,2323,2025-12-02
3013,2739,2025-12-06
3014,2810,2025-12-03
3015,2944,2025-11-29
3016,1355,2025-12-06
3017,2183,2025-12-07
3018,2295,2025-12-01
3019,2541,2025-12-06
3020,2698,2025-12-04
3021,3032,2025-12-06
3022,3269,2025-12-06
3023,3293,2025-12-02
3024,3454,2025-11-29
3025,17,2025-12-06
3026,21,2025-12-01
3027,529,2025-12-04
3028,577,2025-12-06
3029,2306,2025-11-30
3030,2792,2025-12-01
3031,2813,2025-12-07
3032,2963,2025-12-04
3033,3399,2025-12-01
3034,133,2025-12-07
3035,641,2025-12-05
3036,1796,2025-12-01
3037,2162,2025-12-01
3038,2392,2025-12-01
3039,2512,2025-12-03
3040,2835,2025-12-06
3041,3764,2025-12-07
3042,3894,2025-12-09
3043,488,2025-12-05
3044,1380,2025-12-07
3045,3562,2025-12-08
3046,525,2025-12-05
3047,1303,2025-12-10
3048,1368,2025-12-11
3049,1663,2025-12-06
3050,1893,2025-12-11
3051,2379,2025-12-10
3052,3115,2025-12-10
3053,3224,2025-12-10
3054,3488,2025-12-09
3055,373,2025-12-09
3056,913,2025-12-08
3057,1115,2025-12-04
3058,1215,2025-12-06
3059,1404,2025-12-07
3060,1545,2025-12-08
3061,1644,2025-12-11
3062,2006,2025-12-05
3063,2239,2025-12-08
3064,2427,2025-12-09
3065,2549,2025-12-05
3066,2614,2025-12-07
3067,3607,2025-12-11
3068,3692,2025-12-08
3069,57,2025-12-05
3070,179,2025-12-07
3071,564,2025-12-13
3072,1945,2025-12-07
3073,2220,2025-12-11
3074,2702,2025-12-10
3075,3261,2025-12-11
3076,93,2025-12-11
3077,699,2025-12-08
3078,726,2025-12-09
3079,1004,2025-12-12
3080,1535,2025-12-13
3081,1541,2025-12-11
3082,2065,2025-12-12
3083,2692,2025-12-08
3084,2706,2025-12-13
3085,2802,2025-12-11
3086,2843,2025-12-10
3087,2987,2025-12-11
3088,945,2025-12-11
3089,1139,2025-12-07
3090,1752,2025-12-10
3091,2375,2025-12-11
3092,2523,2025-12-15
3093,2617,2025-12-10
3094,3458,2025-12-14
3095,3512,2025-12-12
3096,3524,2025-12-12
3097,3559,2025-12-12
3098,3770,2025-12-10
3099,3875,2025-12-13
3100,821,2025-12-12
3101,1462,2025-12-10
3102,1484,2025-12-10
3103,1708,2025-12-08
3104,2399,2025-12-12
3105,3127,2025-12-15
3106,3263,2025-12-08
3107,3801,2025-12-13
3108,1162,2025-12-13
3109,2440,2025-12-13
3110,2721,2025-12-16
3111,282,2025-12-16
3112,1635,2025-12-15
3113,1682,2025-12-18
3114,3022,2025-12-13
3115,3219,2025-12-10
3116,32,2025-12-12
3117,430,2025-12-19
3118,1660,2025-12-18
3119,2139,2025-12-17
3120,3259,2025-12-13
3121,3274,2025-12-18
3122,3277,2025-12-11
3123,3379,2025-12-15
3124,3784,2025-12-14
3125,661,2025-12-20
3126,728,2025-12-20
3127,1256,2025-12-17
3128,1524,2025-12-14
3129,2156,2025-12-20
3130,2484,2025-12-19
3131,3514,2025-12-13
3132,3576,2025-12-17
3133,443,2025-12-21
3134,572,2025-12-16
3135,935,2025-12-17
3136,1741,2025-12-17
3137,1934,2025-12-16
3138,2494,2025-12-13
3139,2845,2025-12-15
3140,2874,2025-12-20
3141,3638,2025-12-16
3142,3703,2025-12-21
3143,3792,2025-12-18
3144,413,2025-12-18
3145,1291,2025-12-18
3146,1571,2025-12-16
3147,1749,2025-12-18
3148,2011,2025-12-14
3149,2062,2025-12-16
3150,2759,2025-12-18
3151,2766,2025-12-22
3152,3423,2025-12-14
3153,3608,2025-12-18
3154,3977,2025-12-20
3155,733,2025-12-23
3156,1151,2025-12-23
3157,1172,2025-12-21
3158,31,2025-12-24
3159,552,2025-12-16
3160,568,2025-12-24
3161,576,2025-12-23
3162,1452,2025-12-22
3163,1960,2025-12-19
3164,2047,2025-12-20
3165,2557,2025-12-18
3166,2604,2025-12-23
3167,2782,2025-12-18
3168,3136,2025-12-20
3169,3343,2025-12-23
3170,3394,2025-12-23
3171,315,2025-12-18
3172,990,2025-12-18
3173,1025,2025-12-22
3174,3052,2025-12-24
3175,3240,2025-12-25
3176,3580,2025-12-24
3177,3733,2025-12-20
3178,267,2025-12-25
3179,523,2025-12-26
3180,712,2025-12-19
3181,761,2025-12-23
3182,1489,2025-12-24
3183,1613,2025-12-19
3184,1830,2025-12-24
3185,2179,2025-12-20
3186,2406,2025-12-19
3187,2569,2025-12-25
3188,3942,2025-12-21
3189,359,2025-12-25
3190,1003,2025-12-26
3191,1491,2025-12-20
3192,1776,2025-12-22
3193,2121,2025-12-27
3194,2127,2025-12-26
3195,2597,2025-12-22
3196,3328,2025-12-20
3197,3660,2025-12-23
3198,6,2025-12-20
3199,91,2025-12-23
3200,331,2025-12-21
3201,1292,2025-12-21
3202,1854,2025-12-26
3203,2860,2025-12-26
3204,3098,2025-12-26
3205,3808,2025-12-21
3206,248,2025-12-27
3207,357,2025-12-23
3208,807,2025-12-25
3209,1665,2025-12-27
3210,2263,2025-12-29
3211,3038,2025-12-29
3212,3056,2025-12-27
3213,3403,2025-12-28
3214,3655,2025-12-27
3215,3860,2025-12-23
3216,3991,2025-12-22
3217,218,2025-12-30
3218,383,2025-12-24
3219,784,2025-12-24
3220,1108,2025-12-26
3221,1350,2025-12-29
3222,1405,2025-12-24
3223,1645,2025-12-24
3224,1804,2025-12-26
3225,1839,2025-12-29
3226,2542,2025-12-28
3227,3382,2025-12-30
3228,3615,2025-12-28
3229,51,2025-12-30
3230,314,2025-12-23
3231,1246,2025-12-30
3232,1309,2025-12-24
3233,1963,2025-12-29
3234,2210,2025-12-30
3235,3571,2025-12-24
3236,3627,2025-12-27
3237,749,2026-01-01
3238,1116,2025-12-29
3239,1257,2025-12-31
3240,1732,2025-12-26
3241,2126,2025-12-29
3242,3076,2025-12-31
3243,3177,2026-01-01
3244,363,2025-12-30
3245,1119,2025-12-27
3246,1391,2025-12-28
3247,1562,2025-12-30
3248,2028,2025-12-27
3249,2654,2026-01-02
3250,3205,2025-12-25
3251,3582,2025-12-25
3252,3585,2025-12-28
3253,1587,2025-12-30
3254,2266,2025-12-27
3255,2378,2025-12-29
3256,3099,2026-01-02
3257,3100,2025-12-29
3258,3671,2025-12-30
3259,960,2026-01-01
3260,1227,2025-12-31
3261,1335,2025-12-29
3262,2000,2025-12-31
3263,2398,2026-01-03
3264,2674,2025-12-28
3265,2827,2025-12-28
3266,3577,2026-01-01
3267,1905,2026-01-02
3268,2089,2026-01-05
3269,2261,2025-12-30
3270,2299,2025-12-30
3271,2507,2025-12-29
3272,2575,2026-01-05
3273,3384,2025-12-29
3274,3639,2026-01-02
3275,163,2025-12-30
3276,195,2026-01-05
3277,291,2025-12-30
3278,433,2025-12-29
3279,662,2026-01-05
3280,1347,2025-12-29
3281,1641,2026-01-04
3282,1924,2026-01-05
3283,2001,2026-01-05
3284,2446,2026-01-04
3285,2474,2026-01-01
3286,2747,2025-12-30
3287,2930,2026-01-01
3288,3189,2025-12-30
3289,3317,2026-01-04
3290,450,2026-01-03
3291,817,2026-01-04
3292,944,2026-01-02
3293,1548,2026-01-07
3294,2056,2026-01-02
3295,2371,2026-01-02
3296,2394,2026-01-05
3297,2927,2026-01-03
3298,3104,2026-01-01
3299,3135,2026-01-04
3300,3320,2026-01-04
3301,3507,2025-12-30
3302,869,2026-01-03
3303,1568,2026-01-05
3304,1758,2026-01-03
3305,2749,2026-01-03
3306,2783,2026-01-02
3307,3633,2026-01-01
3308,3972,2025-12-31
